id,response,demo,group
1,No,All,All
2,No,All,All
3,No,All,All
4,No,All,All
5,No,All,All
6,No,All,All
7,No,All,All
8,No,All,All
9,No,All,All
10,No,All,All
11,No,All,All
12,No,All,All
13,No,All,All
14,No,All,All
15,No,All,All
16,No,All,All
17,No,All,All
18,No,All,All
19,No,All,All
20,No,All,All
21,No,All,All
22,No,All,All
23,No,All,All
24,No,All,All
25,No,All,All
26,No,All,All
27,No,All,All
28,No,All,All
29,No,All,All
30,No,All,All
31,No,All,All
32,No,All,All
33,No,All,All
34,No,All,All
35,No,All,All
36,No,All,All
37,No,All,All
38,No,All,All
39,No,All,All
40,No,All,All
41,No,All,All
42,No,All,All
43,No,All,All
44,No,All,All
45,No,All,All
46,No,All,All
47,No,All,All
48,No,All,All
49,No,All,All
50,No,All,All
51,No,All,All
52,No,All,All
53,No,All,All
54,No,All,All
55,No,All,All
56,No,All,All
57,No,All,All
58,No,All,All
59,No,All,All
60,No,All,All
61,No,All,All
62,No,All,All
63,No,All,All
64,No,All,All
65,No,All,All
66,No,All,All
67,No,All,All
68,No,All,All
69,No,All,All
70,No,All,All
71,No,All,All
72,No,All,All
73,No,All,All
74,No,All,All
75,No,All,All
76,No,All,All
77,No,All,All
78,No,All,All
79,No,All,All
80,No,All,All
81,No,All,All
82,No,All,All
83,No,All,All
84,No,All,All
85,No,All,All
86,No,All,All
87,No,All,All
88,No,All,All
89,No,All,All
90,No,All,All
91,No,All,All
92,No,All,All
93,No,All,All
94,No,All,All
95,No,All,All
96,No,All,All
97,No,All,All
98,No,All,All
99,No,All,All
100,No,All,All
101,No,All,All
102,No,All,All
103,No,All,All
104,No,All,All
105,No,All,All
106,No,All,All
107,No,All,All
108,No,All,All
109,No,All,All
110,No,All,All
111,No,All,All
112,No,All,All
113,No,All,All
114,No,All,All
115,No,All,All
116,No,All,All
117,No,All,All
118,No,All,All
119,No,All,All
120,No,All,All
121,No,All,All
122,No,All,All
123,No,All,All
124,No,All,All
125,No,All,All
126,No,All,All
127,No,All,All
128,No,All,All
129,No,All,All
130,No,All,All
131,No,All,All
132,No,All,All
133,No,All,All
134,No,All,All
135,No,All,All
136,No,All,All
137,No,All,All
138,No,All,All
139,No,All,All
140,No,All,All
141,No,All,All
142,No,All,All
143,No,All,All
144,No,All,All
145,No,All,All
146,No,All,All
147,No,All,All
148,No,All,All
149,No,All,All
150,No,All,All
151,No,All,All
152,No,All,All
153,No,All,All
154,No,All,All
155,No,All,All
156,No,All,All
157,No,All,All
158,No,All,All
159,No,All,All
160,No,All,All
161,No,All,All
162,No,All,All
163,No,All,All
164,No,All,All
165,No,All,All
166,No,All,All
167,No,All,All
168,No,All,All
169,No,All,All
170,No,All,All
171,No,All,All
172,No,All,All
173,No,All,All
174,No,All,All
175,No,All,All
176,No,All,All
177,No,All,All
178,No,All,All
179,No,All,All
180,No,All,All
181,No,All,All
182,No,All,All
183,No,All,All
184,No,All,All
185,No,All,All
186,No,All,All
187,No,All,All
188,No,All,All
189,No,All,All
190,No,All,All
191,No,All,All
192,No,All,All
193,No,All,All
194,No,All,All
195,No,All,All
196,No,All,All
197,No,All,All
198,No,All,All
199,No,All,All
200,No,All,All
201,No,All,All
202,No,All,All
203,No,All,All
204,No,All,All
205,No,All,All
206,No,All,All
207,No,All,All
208,No,All,All
209,No,All,All
210,No,All,All
211,No,All,All
212,No,All,All
213,No,All,All
214,No,All,All
215,No,All,All
216,No,All,All
217,No,All,All
218,No,All,All
219,No,All,All
220,No,All,All
221,No,All,All
222,No,All,All
223,No,All,All
224,No,All,All
225,No,All,All
226,No,All,All
227,No,All,All
228,No,All,All
229,No,All,All
230,No,All,All
231,No,All,All
232,No,All,All
233,No,All,All
234,No,All,All
235,No,All,All
236,No,All,All
237,No,All,All
238,No,All,All
239,No,All,All
240,No,All,All
241,No,All,All
242,No,All,All
243,No,All,All
244,No,All,All
245,No,All,All
246,No,All,All
247,No,All,All
248,No,All,All
249,No,All,All
250,No,All,All
251,No,All,All
252,No,All,All
253,No,All,All
254,No,All,All
255,No,All,All
256,No,All,All
257,No,All,All
258,No,All,All
259,No,All,All
260,No,All,All
261,No,All,All
262,No,All,All
263,No,All,All
264,No,All,All
265,No,All,All
266,No,All,All
267,No,All,All
268,No,All,All
269,No,All,All
270,No,All,All
271,No,All,All
272,No,All,All
273,No,All,All
274,No,All,All
275,No,All,All
276,No,All,All
277,No,All,All
278,No,All,All
279,No,All,All
280,No,All,All
281,No,All,All
282,No,All,All
283,No,All,All
284,No,All,All
285,No,All,All
286,No,All,All
287,No,All,All
288,No,All,All
289,No,All,All
290,No,All,All
291,No,All,All
292,No,All,All
293,No,All,All
294,No,All,All
295,No,All,All
296,No,All,All
297,No,All,All
298,No,All,All
299,No,All,All
300,No,All,All
301,No,All,All
302,No,All,All
303,No,All,All
304,No,All,All
305,No,All,All
306,No,All,All
307,No,All,All
308,No,All,All
309,No,All,All
310,No,All,All
311,No,All,All
312,No,All,All
313,No,All,All
314,No,All,All
315,No,All,All
316,No,All,All
317,No,All,All
318,No,All,All
319,No,All,All
320,No,All,All
321,No,All,All
322,No,All,All
323,No,All,All
324,No,All,All
325,No,All,All
326,No,All,All
327,No,All,All
328,No,All,All
329,No,All,All
330,No,All,All
331,No,All,All
332,No,All,All
333,No,All,All
334,No,All,All
335,No,All,All
336,No,All,All
337,No,All,All
338,No,All,All
339,No,All,All
340,No,All,All
341,No,All,All
342,No,All,All
343,No,All,All
344,No,All,All
345,No,All,All
346,No,All,All
347,No,All,All
348,No,All,All
349,No,All,All
350,No,All,All
351,No,All,All
352,No,All,All
353,No,All,All
354,No,All,All
355,No,All,All
356,No,All,All
357,No,All,All
358,No,All,All
359,No,All,All
360,No,All,All
361,No,All,All
362,No,All,All
363,No,All,All
364,No,All,All
365,No,All,All
366,No,All,All
367,No,All,All
368,No,All,All
369,No,All,All
370,No,All,All
371,No,All,All
372,No,All,All
373,No,All,All
374,No,All,All
375,No,All,All
376,No,All,All
377,No,All,All
378,No,All,All
379,No,All,All
380,No,All,All
381,No,All,All
382,No,All,All
383,No,All,All
384,No,All,All
385,No,All,All
386,No,All,All
387,No,All,All
388,No,All,All
389,No,All,All
390,No,All,All
391,No,All,All
392,No,All,All
393,No,All,All
394,No,All,All
395,No,All,All
396,No,All,All
397,No,All,All
398,No,All,All
399,No,All,All
400,No,All,All
401,No,All,All
402,No,All,All
403,No,All,All
404,No,All,All
405,No,All,All
406,No,All,All
407,No,All,All
408,No,All,All
409,No,All,All
410,No,All,All
411,No,All,All
412,No,All,All
413,No,All,All
414,No,All,All
415,No,All,All
416,No,All,All
417,No,All,All
418,No,All,All
419,No,All,All
420,No,All,All
421,No,All,All
422,No,All,All
423,No,All,All
424,No,All,All
425,No,All,All
426,No,All,All
427,No,All,All
428,No,All,All
429,No,All,All
430,No,All,All
431,No,All,All
432,No,All,All
433,No,All,All
434,No,All,All
435,No,All,All
436,No,All,All
437,No,All,All
438,No,All,All
439,No,All,All
440,No,All,All
441,No,All,All
442,No,All,All
443,No,All,All
444,No,All,All
445,No,All,All
446,No,All,All
447,No,All,All
448,No,All,All
449,No,All,All
450,No,All,All
451,No,All,All
452,No,All,All
453,No,All,All
454,No,All,All
455,No,All,All
456,No,All,All
457,No,All,All
458,No,All,All
459,No,All,All
460,No,All,All
461,No,All,All
462,No,All,All
463,No,All,All
464,No,All,All
465,No,All,All
466,No,All,All
467,No,All,All
468,No,All,All
469,No,All,All
470,No,All,All
471,No,All,All
472,No,All,All
473,No,All,All
474,No,All,All
475,No,All,All
476,No,All,All
477,No,All,All
478,No,All,All
479,No,All,All
480,No,All,All
481,No,All,All
482,No,All,All
483,No,All,All
484,No,All,All
485,No,All,All
486,No,All,All
487,No,All,All
488,No,All,All
489,No,All,All
490,No,All,All
491,No,All,All
492,No,All,All
493,No,All,All
494,No,All,All
495,No,All,All
496,No,All,All
497,No,All,All
498,No,All,All
499,No,All,All
500,No,All,All
501,No,All,All
502,No,All,All
503,No,All,All
504,No,All,All
505,No,All,All
506,No,All,All
507,No,All,All
508,No,All,All
509,No,All,All
510,No,All,All
511,No,All,All
512,No,All,All
513,No,All,All
514,No,All,All
515,No,All,All
516,No,All,All
517,No,All,All
518,No,All,All
519,No,All,All
520,No,All,All
521,No,All,All
522,No,All,All
523,No,All,All
524,No,All,All
525,No,All,All
526,No,All,All
527,No,All,All
528,No,All,All
529,No,All,All
530,No,All,All
531,No,All,All
532,No,All,All
533,No,All,All
534,No,All,All
535,No,All,All
536,No,All,All
537,No,All,All
538,No,All,All
539,No,All,All
540,No,All,All
541,No,All,All
542,No,All,All
543,No,All,All
544,No,All,All
545,No,All,All
546,No,All,All
547,No,All,All
548,No,All,All
549,No,All,All
550,No,All,All
551,No,All,All
552,No,All,All
553,No,All,All
554,No,All,All
555,No,All,All
556,No,All,All
557,No,All,All
558,No,All,All
559,No,All,All
560,No,All,All
561,No,All,All
562,No,All,All
563,No,All,All
564,No,All,All
565,No,All,All
566,No,All,All
567,No,All,All
568,No,All,All
569,No,All,All
570,No,All,All
571,No,All,All
572,No,All,All
573,No,All,All
574,No,All,All
575,No,All,All
576,No,All,All
577,No,All,All
578,No,All,All
579,No,All,All
580,No,All,All
581,No,All,All
582,No,All,All
583,No,All,All
584,No,All,All
585,No,All,All
586,No,All,All
587,No,All,All
588,No,All,All
589,No,All,All
590,No,All,All
591,No,All,All
592,No,All,All
593,No,All,All
594,No,All,All
595,No,All,All
596,No,All,All
597,No,All,All
598,No,All,All
599,No,All,All
600,No,All,All
601,No,All,All
602,No,All,All
603,No,All,All
604,No,All,All
605,No,All,All
606,No,All,All
607,No,All,All
608,No,All,All
609,No,All,All
610,No,All,All
611,No,All,All
612,No,All,All
613,No,All,All
614,No,All,All
615,No,All,All
616,No,All,All
617,No,All,All
618,No,All,All
619,No,All,All
620,No,All,All
621,No,All,All
622,No,All,All
623,No,All,All
624,No,All,All
625,No,All,All
626,No,All,All
627,No,All,All
628,No,All,All
629,No,All,All
630,No,All,All
631,No,All,All
632,No,All,All
633,No,All,All
634,No,All,All
635,No,All,All
636,No,All,All
637,No,All,All
638,No,All,All
639,No,All,All
640,No,All,All
641,No,All,All
642,No,All,All
643,No,All,All
644,No,All,All
645,No,All,All
646,No,All,All
647,No,All,All
648,No,All,All
649,No,All,All
650,No,All,All
651,No,All,All
652,No,All,All
653,No,All,All
654,No,All,All
655,No,All,All
656,No,All,All
657,No,All,All
658,No,All,All
659,No,All,All
660,No,All,All
661,No,All,All
662,No,All,All
663,No,All,All
664,No,All,All
665,No,All,All
666,No,All,All
667,No,All,All
668,No,All,All
669,No,All,All
670,No,All,All
671,No,All,All
672,No,All,All
673,No,All,All
674,No,All,All
675,No,All,All
676,No,All,All
677,No,All,All
678,No,All,All
679,No,All,All
680,No,All,All
681,No,All,All
682,No,All,All
683,No,All,All
684,No,All,All
685,No,All,All
686,No,All,All
687,No,All,All
688,No,All,All
689,No,All,All
690,No,All,All
691,No,All,All
692,No,All,All
693,No,All,All
694,No,All,All
695,No,All,All
696,No,All,All
697,No,All,All
698,No,All,All
699,No,All,All
700,No,All,All
701,No,All,All
702,No,All,All
703,No,All,All
704,No,All,All
705,No,All,All
706,No,All,All
707,No,All,All
708,No,All,All
709,No,All,All
710,No,All,All
711,No,All,All
712,No,All,All
713,No,All,All
714,No,All,All
715,No,All,All
716,No,All,All
717,No,All,All
718,No,All,All
719,No,All,All
720,No,All,All
721,No,All,All
722,No,All,All
723,No,All,All
724,No,All,All
725,No,All,All
726,No,All,All
727,No,All,All
728,No,All,All
729,No,All,All
730,No,All,All
731,No,All,All
732,No,All,All
733,No,All,All
734,No,All,All
735,No,All,All
736,No,All,All
737,No,All,All
738,No,All,All
739,No,All,All
740,No,All,All
741,No,All,All
742,No,All,All
743,No,All,All
744,No,All,All
745,No,All,All
746,No,All,All
747,No,All,All
748,No,All,All
749,No,All,All
750,No,All,All
751,No,All,All
752,No,All,All
753,No,All,All
754,No,All,All
755,No,All,All
756,No,All,All
757,No,All,All
758,No,All,All
759,No,All,All
760,No,All,All
761,No,All,All
762,No,All,All
763,No,All,All
764,No,All,All
765,No,All,All
766,No,All,All
767,No,All,All
768,No,All,All
769,No,All,All
770,No,All,All
771,No,All,All
772,No,All,All
773,No,All,All
774,No,All,All
775,No,All,All
776,No,All,All
777,No,All,All
778,No,All,All
779,No,All,All
780,No,All,All
781,No,All,All
782,No,All,All
783,No,All,All
784,No,All,All
785,No,All,All
786,No,All,All
787,No,All,All
788,No,All,All
789,No,All,All
790,No,All,All
791,No,All,All
792,No,All,All
793,No,All,All
794,No,All,All
795,No,All,All
796,No,All,All
797,No,All,All
798,No,All,All
799,No,All,All
800,No,All,All
801,No,All,All
802,No,All,All
803,No,All,All
804,No,All,All
805,No,All,All
806,No,All,All
807,No,All,All
808,No,All,All
809,No,All,All
810,No,All,All
811,No,All,All
812,No,All,All
813,No,All,All
814,No,All,All
815,No,All,All
816,No,All,All
817,No,All,All
818,No,All,All
819,No,All,All
820,No,All,All
821,No,All,All
822,No,All,All
823,No,All,All
824,No,All,All
825,No,All,All
826,No,All,All
827,No,All,All
828,No,All,All
829,No,All,All
830,No,All,All
831,No,All,All
832,No,All,All
833,No,All,All
834,No,All,All
835,No,All,All
836,No,All,All
837,No,All,All
838,No,All,All
839,No,All,All
840,No,All,All
841,No,All,All
842,No,All,All
843,No,All,All
844,No,All,All
845,No,All,All
846,No,All,All
847,No,All,All
848,No,All,All
849,No,All,All
850,No,All,All
851,No,All,All
852,No,All,All
853,No,All,All
854,No,All,All
855,No,All,All
856,No,All,All
857,No,All,All
858,No,All,All
859,No,All,All
860,No,All,All
861,No,All,All
862,No,All,All
863,No,All,All
864,No,All,All
865,No,All,All
866,No,All,All
867,No,All,All
868,No,All,All
869,No,All,All
870,No,All,All
871,No,All,All
872,No,All,All
873,No,All,All
874,No,All,All
875,No,All,All
876,No,All,All
877,No,All,All
878,No,All,All
879,No,All,All
880,No,All,All
881,No,All,All
882,No,All,All
883,No,All,All
884,No,All,All
885,No,All,All
886,No,All,All
887,No,All,All
888,No,All,All
889,No,All,All
890,No,All,All
891,No,All,All
892,No,All,All
893,No,All,All
894,No,All,All
895,No,All,All
896,No,All,All
897,No,All,All
898,No,All,All
899,No,All,All
900,No,All,All
901,No,All,All
902,No,All,All
903,No,All,All
904,No,All,All
905,No,All,All
906,No,All,All
907,No,All,All
908,No,All,All
909,No,All,All
910,No,All,All
911,No,All,All
912,No,All,All
913,No,All,All
914,No,All,All
915,No,All,All
916,No,All,All
917,No,All,All
918,No,All,All
919,No,All,All
920,No,All,All
921,No,All,All
922,No,All,All
923,No,All,All
924,No,All,All
925,No,All,All
926,No,All,All
927,No,All,All
928,No,All,All
929,No,All,All
930,No,All,All
931,No,All,All
932,No,All,All
933,No,All,All
934,No,All,All
935,No,All,All
936,No,All,All
937,No,All,All
938,No,All,All
939,No,All,All
940,No,All,All
941,No,All,All
942,No,All,All
943,No,All,All
944,No,All,All
945,No,All,All
946,No,All,All
947,No,All,All
948,No,All,All
949,No,All,All
950,No,All,All
951,No,All,All
952,No,All,All
953,No,All,All
954,No,All,All
955,No,All,All
956,No,All,All
957,No,All,All
958,No,All,All
959,No,All,All
960,No,All,All
961,No,All,All
962,No,All,All
963,No,All,All
964,No,All,All
965,No,All,All
966,No,All,All
967,No,All,All
968,No,All,All
969,No,All,All
970,No,All,All
971,No,All,All
972,No,All,All
973,No,All,All
974,No,All,All
975,No,All,All
976,No,All,All
977,No,All,All
978,No,All,All
979,No,All,All
980,No,All,All
981,No,All,All
982,No,All,All
983,No,All,All
984,No,All,All
985,No,All,All
986,No,All,All
987,No,All,All
988,No,All,All
989,No,All,All
990,No,All,All
991,No,All,All
992,No,All,All
993,No,All,All
994,No,All,All
995,No,All,All
996,No,All,All
997,No,All,All
998,No,All,All
999,No,All,All
1000,No,All,All
1001,No,All,All
1002,No,All,All
1003,No,All,All
1004,No,All,All
1005,No,All,All
1006,No,All,All
1007,No,All,All
1008,No,All,All
1009,No,All,All
1010,No,All,All
1011,No,All,All
1012,No,All,All
1013,No,All,All
1014,No,All,All
1015,No,All,All
1016,No,All,All
1017,No,All,All
1018,No,All,All
1019,No,All,All
1020,No,All,All
1021,No,All,All
1022,No,All,All
1023,No,All,All
1024,No,All,All
1025,No,All,All
1026,No,All,All
1027,No,All,All
1028,No,All,All
1029,No,All,All
1030,No,All,All
1031,No,All,All
1032,No,All,All
1033,No,All,All
1034,No,All,All
1035,No,All,All
1036,No,All,All
1037,No,All,All
1038,No,All,All
1039,No,All,All
1040,No,All,All
1041,No,All,All
1042,No,All,All
1043,No,All,All
1044,No,All,All
1045,No,All,All
1046,No,All,All
1047,No,All,All
1048,No,All,All
1049,No,All,All
1050,No,All,All
1051,No,All,All
1052,No,All,All
1053,No,All,All
1054,No,All,All
1055,No,All,All
1056,No,All,All
1057,No,All,All
1058,No,All,All
1059,No,All,All
1060,No,All,All
1061,No,All,All
1062,No,All,All
1063,No,All,All
1064,No,All,All
1065,No,All,All
1066,No,All,All
1067,No,All,All
1068,No,All,All
1069,No,All,All
1070,No,All,All
1071,No,All,All
1072,No,All,All
1073,No,All,All
1074,No,All,All
1075,No,All,All
1076,No,All,All
1077,No,All,All
1078,No,All,All
1079,No,All,All
1080,No,All,All
1081,No,All,All
1082,No,All,All
1083,No,All,All
1084,No,All,All
1085,No,All,All
1086,No,All,All
1087,No,All,All
1088,No,All,All
1089,No,All,All
1090,No,All,All
1091,No,All,All
1092,No,All,All
1093,No,All,All
1094,No,All,All
1095,No,All,All
1096,No,All,All
1097,No,All,All
1098,No,All,All
1099,No,All,All
1100,No,All,All
1101,No,All,All
1102,No,All,All
1103,No,All,All
1104,No,All,All
1105,No,All,All
1106,No,All,All
1107,No,All,All
1108,No,All,All
1109,No,All,All
1110,No,All,All
1111,No,All,All
1112,No,All,All
1113,No,All,All
1114,No,All,All
1115,No,All,All
1116,No,All,All
1117,No,All,All
1118,No,All,All
1119,No,All,All
1120,No,All,All
1121,No,All,All
1122,No,All,All
1123,No,All,All
1124,No,All,All
1125,No,All,All
1126,No,All,All
1127,No,All,All
1128,No,All,All
1129,No,All,All
1130,No,All,All
1131,No,All,All
1132,No,All,All
1133,No,All,All
1134,No,All,All
1135,No,All,All
1136,No,All,All
1137,No,All,All
1138,No,All,All
1139,No,All,All
1140,No,All,All
1141,No,All,All
1142,No,All,All
1143,No,All,All
1144,No,All,All
1145,No,All,All
1146,No,All,All
1147,No,All,All
1148,No,All,All
1149,No,All,All
1150,No,All,All
1151,No,All,All
1152,No,All,All
1153,No,All,All
1154,No,All,All
1155,No,All,All
1156,No,All,All
1157,No,All,All
1158,No,All,All
1159,No,All,All
1160,No,All,All
1161,No,All,All
1162,No,All,All
1163,No,All,All
1164,No,All,All
1165,No,All,All
1166,No,All,All
1167,No,All,All
1168,No,All,All
1169,No,All,All
1170,No,All,All
1171,No,All,All
1172,No,All,All
1173,No,All,All
1174,No,All,All
1175,No,All,All
1176,No,All,All
1177,No,All,All
1178,No,All,All
1179,No,All,All
1180,No,All,All
1181,No,All,All
1182,No,All,All
1183,No,All,All
1184,No,All,All
1185,No,All,All
1186,No,All,All
1187,No,All,All
1188,No,All,All
1189,No,All,All
1190,No,All,All
1191,No,All,All
1192,No,All,All
1193,No,All,All
1194,No,All,All
1195,No,All,All
1196,No,All,All
1197,No,All,All
1198,No,All,All
1199,No,All,All
1200,No,All,All
1201,No,All,All
1202,No,All,All
1203,No,All,All
1204,No,All,All
1205,No,All,All
1206,No,All,All
1207,No,All,All
1208,No,All,All
1209,No,All,All
1210,No,All,All
1211,No,All,All
1212,No,All,All
1213,No,All,All
1214,No,All,All
1215,No,All,All
1216,No,All,All
1217,No,All,All
1218,No,All,All
1219,No,All,All
1220,No,All,All
1221,No,All,All
1222,No,All,All
1223,No,All,All
1224,No,All,All
1225,No,All,All
1226,No,All,All
1227,No,All,All
1228,No,All,All
1229,No,All,All
1230,No,All,All
1231,No,All,All
1232,No,All,All
1233,No,All,All
1234,No,All,All
1235,No,All,All
1236,No,All,All
1237,No,All,All
1238,No,All,All
1239,No,All,All
1240,No,All,All
1241,No,All,All
1242,No,All,All
1243,No,All,All
1244,No,All,All
1245,No,All,All
1246,No,All,All
1247,No,All,All
1248,No,All,All
1249,No,All,All
1250,No,All,All
1251,No,All,All
1252,No,All,All
1253,No,All,All
1254,No,All,All
1255,No,All,All
1256,No,All,All
1257,No,All,All
1258,No,All,All
1259,No,All,All
1260,No,All,All
1261,No,All,All
1262,No,All,All
1263,No,All,All
1264,No,All,All
1265,No,All,All
1266,No,All,All
1267,No,All,All
1268,No,All,All
1269,No,All,All
1270,No,All,All
1271,No,All,All
1272,No,All,All
1273,Yes,All,All
1274,Yes,All,All
1275,Yes,All,All
1276,Yes,All,All
1277,Yes,All,All
1278,Yes,All,All
1279,Yes,All,All
1280,Yes,All,All
1281,Yes,All,All
1282,Yes,All,All
1283,Yes,All,All
1284,Yes,All,All
1285,Yes,All,All
1286,Yes,All,All
1287,Yes,All,All
1288,Yes,All,All
1289,Yes,All,All
1290,Yes,All,All
1291,Yes,All,All
1292,Yes,All,All
1293,Yes,All,All
1294,Yes,All,All
1295,Yes,All,All
1296,Yes,All,All
1297,Yes,All,All
1298,Yes,All,All
1299,Yes,All,All
1300,Yes,All,All
1301,Yes,All,All
1302,Yes,All,All
1303,Yes,All,All
1304,Yes,All,All
1305,Yes,All,All
1306,Yes,All,All
1307,Yes,All,All
1308,Yes,All,All
1309,Yes,All,All
1310,Yes,All,All
1311,Yes,All,All
1312,Yes,All,All
1313,Yes,All,All
1314,Yes,All,All
1315,Yes,All,All
1316,Yes,All,All
1317,Yes,All,All
1318,Yes,All,All
1319,Yes,All,All
1320,Yes,All,All
1321,Yes,All,All
1322,Yes,All,All
1323,Yes,All,All
1324,Yes,All,All
1325,Yes,All,All
1326,Yes,All,All
1327,Yes,All,All
1328,Yes,All,All
1329,Yes,All,All
1330,Yes,All,All
1331,Yes,All,All
1332,Yes,All,All
1333,Yes,All,All
1334,Yes,All,All
1335,Yes,All,All
1336,Yes,All,All
1337,Yes,All,All
1338,Yes,All,All
1339,Yes,All,All
1340,Yes,All,All
1341,Yes,All,All
1342,Yes,All,All
1343,Yes,All,All
1344,Yes,All,All
1345,Yes,All,All
1346,Yes,All,All
1347,Yes,All,All
1348,Yes,All,All
1349,Yes,All,All
1350,Yes,All,All
1351,Yes,All,All
1352,Yes,All,All
1353,Yes,All,All
1354,Yes,All,All
1355,Yes,All,All
1356,Yes,All,All
1357,Yes,All,All
1358,Yes,All,All
1359,Yes,All,All
1360,Yes,All,All
1361,Yes,All,All
1362,Yes,All,All
1363,Yes,All,All
1364,Yes,All,All
1365,Yes,All,All
1366,Yes,All,All
1367,Yes,All,All
1368,Yes,All,All
1369,Yes,All,All
1370,Yes,All,All
1371,Yes,All,All
1372,Yes,All,All
1373,Yes,All,All
1374,Yes,All,All
1375,Yes,All,All
1376,Yes,All,All
1377,Yes,All,All
1378,Yes,All,All
1379,Yes,All,All
1380,Yes,All,All
1381,Yes,All,All
1382,Yes,All,All
1383,Yes,All,All
1384,Yes,All,All
1385,Yes,All,All
1386,Yes,All,All
1387,Yes,All,All
1388,Yes,All,All
1389,Yes,All,All
1390,Yes,All,All
1391,Yes,All,All
1392,Yes,All,All
1393,Yes,All,All
1394,Yes,All,All
1395,Yes,All,All
1396,Yes,All,All
1397,Yes,All,All
1398,Yes,All,All
1399,Yes,All,All
1400,Yes,All,All
1401,Yes,All,All
1402,Yes,All,All
1403,Yes,All,All
1404,Yes,All,All
1405,Yes,All,All
1406,Yes,All,All
1407,Yes,All,All
1408,Yes,All,All
1409,Yes,All,All
1410,Yes,All,All
1411,Yes,All,All
1412,Yes,All,All
1413,Yes,All,All
1414,Yes,All,All
1415,Yes,All,All
1416,Yes,All,All
1417,Yes,All,All
1418,Yes,All,All
1419,Yes,All,All
1420,Yes,All,All
1421,Yes,All,All
1422,Yes,All,All
1423,Yes,All,All
1424,Yes,All,All
1425,Yes,All,All
1426,Yes,All,All
1427,Yes,All,All
1428,Yes,All,All
1429,Yes,All,All
1430,Yes,All,All
1431,Yes,All,All
1432,Yes,All,All
1433,Yes,All,All
1434,Yes,All,All
1435,Yes,All,All
1436,Yes,All,All
1437,Yes,All,All
1438,Yes,All,All
1439,Yes,All,All
1440,Yes,All,All
1441,Yes,All,All
1442,Yes,All,All
1443,Yes,All,All
1444,Yes,All,All
1445,Yes,All,All
1446,Yes,All,All
1447,Yes,All,All
1448,Yes,All,All
1449,Yes,All,All
1450,Yes,All,All
1451,Yes,All,All
1452,Yes,All,All
1453,Yes,All,All
1454,Yes,All,All
1455,Yes,All,All
1456,Yes,All,All
1457,Yes,All,All
1458,Yes,All,All
1459,Yes,All,All
1460,Yes,All,All
1461,Yes,All,All
1462,Yes,All,All
1463,Yes,All,All
1464,Yes,All,All
1465,Yes,All,All
1466,Yes,All,All
1467,Yes,All,All
1468,Yes,All,All
1469,Yes,All,All
1470,Yes,All,All
1471,Yes,All,All
1472,Yes,All,All
1473,Yes,All,All
1474,Yes,All,All
1475,Yes,All,All
1476,Yes,All,All
1477,Yes,All,All
1478,Yes,All,All
1479,Yes,All,All
1480,Yes,All,All
1481,Yes,All,All
1482,Yes,All,All
1483,Yes,All,All
1484,Yes,All,All
1485,Yes,All,All
1486,Yes,All,All
1487,Yes,All,All
1488,Yes,All,All
1489,Yes,All,All
1490,Yes,All,All
1491,Yes,All,All
1492,Yes,All,All
1493,Yes,All,All
1494,Yes,All,All
1495,Yes,All,All
1496,Yes,All,All
1497,Yes,All,All
1498,Yes,All,All
1499,Yes,All,All
1500,Yes,All,All
1501,Yes,All,All
1502,Yes,All,All
1503,Yes,All,All
1504,Yes,All,All
1505,Yes,All,All
1506,Yes,All,All
1507,Yes,All,All
1508,Yes,All,All
1509,Yes,All,All
1510,Yes,All,All
1511,Yes,All,All
1512,Yes,All,All
1513,Yes,All,All
1514,Yes,All,All
1515,Yes,All,All
1516,Yes,All,All
1517,Yes,All,All
1518,Yes,All,All
1519,Yes,All,All
1520,Yes,All,All
1521,Yes,All,All
1522,Yes,All,All
1523,Yes,All,All
1524,Yes,All,All
1525,Yes,All,All
1526,Yes,All,All
1527,Yes,All,All
1528,Yes,All,All
1529,Yes,All,All
1530,Yes,All,All
1531,Yes,All,All
1532,Yes,All,All
1533,Yes,All,All
1534,Yes,All,All
1535,Yes,All,All
1536,Yes,All,All
1537,Yes,All,All
1538,Yes,All,All
1539,Yes,All,All
1540,Yes,All,All
1541,Yes,All,All
1542,Yes,All,All
1543,Yes,All,All
1544,Yes,All,All
1545,Yes,All,All
1546,Yes,All,All
1547,Yes,All,All
1548,Yes,All,All
1549,Yes,All,All
1550,Yes,All,All
1551,Yes,All,All
1552,Yes,All,All
1553,Yes,All,All
1554,Yes,All,All
1555,Yes,All,All
1556,Yes,All,All
1557,Yes,All,All
1558,Yes,All,All
1559,Yes,All,All
1560,Yes,All,All
1561,Yes,All,All
1562,Yes,All,All
1563,Yes,All,All
1564,Yes,All,All
1565,Yes,All,All
1566,Yes,All,All
1567,Yes,All,All
1568,Yes,All,All
1569,Yes,All,All
1570,Yes,All,All
1571,Yes,All,All
1572,Yes,All,All
1573,Yes,All,All
1574,Yes,All,All
1575,Yes,All,All
1576,Yes,All,All
1577,Yes,All,All
1578,Yes,All,All
1579,Yes,All,All
1580,Yes,All,All
1581,Yes,All,All
1582,Yes,All,All
1583,Yes,All,All
1584,Yes,All,All
1585,Yes,All,All
1586,Yes,All,All
1587,Yes,All,All
1588,Yes,All,All
1589,Yes,All,All
1590,Yes,All,All
1591,Yes,All,All
1592,Yes,All,All
1593,Yes,All,All
1594,Yes,All,All
1595,Yes,All,All
1596,Yes,All,All
1597,Yes,All,All
1598,Yes,All,All
1599,Yes,All,All
1600,Yes,All,All
1601,Yes,All,All
1602,Yes,All,All
1603,Yes,All,All
1604,Yes,All,All
1605,Yes,All,All
1606,Yes,All,All
1607,Yes,All,All
1608,Yes,All,All
1609,Yes,All,All
1610,Yes,All,All
1611,Yes,All,All
1612,Yes,All,All
1613,Yes,All,All
1614,Yes,All,All
1615,Yes,All,All
1616,Yes,All,All
1617,Yes,All,All
1618,Yes,All,All
1619,Yes,All,All
1620,Yes,All,All
1621,Yes,All,All
1622,Yes,All,All
1623,Yes,All,All
1624,Yes,All,All
1625,Yes,All,All
1626,Yes,All,All
1627,Yes,All,All
1628,Yes,All,All
1629,Yes,All,All
1630,Yes,All,All
1631,Yes,All,All
1632,Yes,All,All
1633,Yes,All,All
1634,Yes,All,All
1635,Yes,All,All
1636,Yes,All,All
1637,Yes,All,All
1638,Yes,All,All
1639,Yes,All,All
1640,Yes,All,All
1641,Yes,All,All
1642,Yes,All,All
1643,Yes,All,All
1644,Yes,All,All
1645,Yes,All,All
1646,Yes,All,All
1647,Yes,All,All
1648,Yes,All,All
1649,Yes,All,All
1650,Yes,All,All
1651,Yes,All,All
1652,Yes,All,All
1653,Yes,All,All
1654,Yes,All,All
1655,Yes,All,All
1656,Yes,All,All
1657,Yes,All,All
1658,Yes,All,All
1659,Yes,All,All
1660,Yes,All,All
1661,Yes,All,All
1662,Yes,All,All
1663,Yes,All,All
1664,Yes,All,All
1665,Yes,All,All
1666,Yes,All,All
1667,Yes,All,All
1668,Yes,All,All
1669,Yes,All,All
1670,Yes,All,All
1671,Yes,All,All
1672,Yes,All,All
1673,Yes,All,All
1674,Yes,All,All
1675,Yes,All,All
1676,Yes,All,All
1677,Yes,All,All
1678,Yes,All,All
1679,Yes,All,All
1680,Yes,All,All
1681,Yes,All,All
1682,Yes,All,All
1683,Yes,All,All
1684,Yes,All,All
1685,Yes,All,All
1686,Yes,All,All
1687,Yes,All,All
1688,Yes,All,All
1689,Yes,All,All
1690,Yes,All,All
1691,Yes,All,All
1692,Yes,All,All
1693,Yes,All,All
1694,Yes,All,All
1695,Yes,All,All
1696,Yes,All,All
1697,Yes,All,All
1698,Yes,All,All
1699,Yes,All,All
1700,Yes,All,All
1701,Yes,All,All
1702,Yes,All,All
1703,Yes,All,All
1704,Yes,All,All
1705,Yes,All,All
1706,Yes,All,All
1707,Yes,All,All
1708,Yes,All,All
1709,Yes,All,All
1710,Yes,All,All
1711,Yes,All,All
1712,Yes,All,All
1713,Yes,All,All
1714,Yes,All,All
1715,Yes,All,All
1716,Yes,All,All
1717,Yes,All,All
1718,Yes,All,All
1719,Yes,All,All
1720,Yes,All,All
1721,Yes,All,All
1722,Yes,All,All
1723,Yes,All,All
1724,Yes,All,All
1725,Yes,All,All
1726,Yes,All,All
1727,Yes,All,All
1728,Yes,All,All
1729,Yes,All,All
1730,Yes,All,All
1731,Yes,All,All
1732,Yes,All,All
1733,Yes,All,All
1734,Yes,All,All
1735,Yes,All,All
1736,Yes,All,All
1737,Yes,All,All
1738,Yes,All,All
1739,Yes,All,All
1740,Yes,All,All
1741,Yes,All,All
1742,Yes,All,All
1743,Yes,All,All
1744,Yes,All,All
1745,Yes,All,All
1746,Yes,All,All
1747,Yes,All,All
1748,Yes,All,All
1749,Yes,All,All
1750,Yes,All,All
1751,Yes,All,All
1752,Yes,All,All
1753,Yes,All,All
1754,Yes,All,All
1755,Yes,All,All
1756,Yes,All,All
1757,Yes,All,All
1758,Yes,All,All
1759,Yes,All,All
1760,Yes,All,All
1761,Yes,All,All
1762,Yes,All,All
1763,Yes,All,All
1764,Yes,All,All
1765,Yes,All,All
1766,Yes,All,All
1767,Yes,All,All
1768,Yes,All,All
1769,Yes,All,All
1770,Yes,All,All
1771,Yes,All,All
1772,Yes,All,All
1773,Yes,All,All
1774,Yes,All,All
1775,Yes,All,All
1776,Yes,All,All
1777,Yes,All,All
1778,Yes,All,All
1779,Yes,All,All
1780,Yes,All,All
1781,Yes,All,All
1782,Yes,All,All
1783,Yes,All,All
1784,Yes,All,All
1785,Yes,All,All
1786,Yes,All,All
1787,Yes,All,All
1788,Yes,All,All
1789,Yes,All,All
1790,Yes,All,All
1791,Yes,All,All
1792,Yes,All,All
1793,Yes,All,All
1794,Yes,All,All
1795,Yes,All,All
1796,Yes,All,All
1797,Yes,All,All
1798,Yes,All,All
1799,Yes,All,All
1800,Yes,All,All
1801,Yes,All,All
1802,Yes,All,All
1803,Yes,All,All
1804,Yes,All,All
1805,Yes,All,All
1806,Yes,All,All
1807,Yes,All,All
1808,Yes,All,All
1809,Yes,All,All
1810,Yes,All,All
1811,Yes,All,All
1812,Yes,All,All
1813,Yes,All,All
1814,Yes,All,All
1815,Yes,All,All
1816,Yes,All,All
1817,Yes,All,All
1818,Yes,All,All
1819,Yes,All,All
1820,Yes,All,All
1821,Yes,All,All
1822,Yes,All,All
1823,Yes,All,All
1824,Yes,All,All
1825,Yes,All,All
1826,Yes,All,All
1827,Yes,All,All
1828,Yes,All,All
1829,Yes,All,All
1830,Yes,All,All
1831,Yes,All,All
1832,Yes,All,All
1833,Yes,All,All
1834,Yes,All,All
1835,Yes,All,All
1836,Yes,All,All
1837,Yes,All,All
1838,Yes,All,All
1839,Yes,All,All
1840,Yes,All,All
1841,Yes,All,All
1842,Yes,All,All
1843,Yes,All,All
1844,Yes,All,All
1845,Yes,All,All
1846,Yes,All,All
1847,Yes,All,All
1848,Yes,All,All
1849,Yes,All,All
1850,Yes,All,All
1851,Yes,All,All
1852,Yes,All,All
1853,Yes,All,All
1854,Yes,All,All
1855,Yes,All,All
1856,Yes,All,All
1857,Yes,All,All
1858,Yes,All,All
1859,Yes,All,All
1860,Yes,All,All
1861,Yes,All,All
1862,Yes,All,All
1863,Yes,All,All
1864,Yes,All,All
1865,Yes,All,All
1866,Yes,All,All
1867,Yes,All,All
1868,Yes,All,All
1869,Yes,All,All
1870,Yes,All,All
1871,Yes,All,All
1872,Yes,All,All
1873,Yes,All,All
1874,Yes,All,All
1875,Yes,All,All
1876,Yes,All,All
1877,Yes,All,All
1878,Yes,All,All
1879,Yes,All,All
1880,Yes,All,All
1881,Yes,All,All
1882,Yes,All,All
1883,Yes,All,All
1884,Yes,All,All
1885,Yes,All,All
1886,Yes,All,All
1887,Yes,All,All
1888,Yes,All,All
1889,Yes,All,All
1890,Yes,All,All
1891,Yes,All,All
1892,Yes,All,All
1893,Yes,All,All
1894,Yes,All,All
1895,Yes,All,All
1896,Yes,All,All
1897,Yes,All,All
1898,Yes,All,All
1899,Yes,All,All
1900,Yes,All,All
1901,Yes,All,All
1902,Yes,All,All
1903,Yes,All,All
1904,Yes,All,All
1905,Yes,All,All
1906,Yes,All,All
1907,Yes,All,All
1908,Yes,All,All
1909,Yes,All,All
1910,Yes,All,All
1911,Yes,All,All
1912,Yes,All,All
1913,Yes,All,All
1914,Yes,All,All
1915,Yes,All,All
1916,Yes,All,All
1917,Yes,All,All
1918,Yes,All,All
1919,Yes,All,All
1920,Yes,All,All
1921,Yes,All,All
1922,Yes,All,All
1923,Yes,All,All
1924,Yes,All,All
1925,Yes,All,All
1926,Yes,All,All
1927,Yes,All,All
1928,Yes,All,All
1929,Yes,All,All
1930,Yes,All,All
1931,Yes,All,All
1932,Yes,All,All
1933,Yes,All,All
1934,Yes,All,All
1935,Yes,All,All
1936,Yes,All,All
1937,Yes,All,All
1938,Yes,All,All
1939,Yes,All,All
1940,Yes,All,All
1941,Yes,All,All
1942,Yes,All,All
1943,Yes,All,All
1944,Yes,All,All
1945,Yes,All,All
1946,Yes,All,All
1947,Yes,All,All
1948,Yes,All,All
1949,Yes,All,All
1950,Yes,All,All
1951,Yes,All,All
1952,Yes,All,All
1953,Yes,All,All
1954,Yes,All,All
1955,Yes,All,All
1956,Yes,All,All
1957,Yes,All,All
1958,Yes,All,All
1959,Yes,All,All
1960,Yes,All,All
1961,Yes,All,All
1962,Yes,All,All
1963,Yes,All,All
1964,Yes,All,All
1965,Yes,All,All
1966,Yes,All,All
1967,Yes,All,All
1968,Yes,All,All
1969,Yes,All,All
1970,Yes,All,All
1971,Yes,All,All
1972,Yes,All,All
1973,Yes,All,All
1974,Yes,All,All
1975,Yes,All,All
1976,Yes,All,All
1977,Yes,All,All
1978,Yes,All,All
1979,Yes,All,All
1980,Yes,All,All
1981,Yes,All,All
1982,Yes,All,All
1983,Yes,All,All
1984,Yes,All,All
1985,Yes,All,All
1986,Yes,All,All
1987,Yes,All,All
1988,Yes,All,All
1989,Yes,All,All
1990,Yes,All,All
1991,Yes,All,All
1992,Yes,All,All
1993,Yes,All,All
1994,Yes,All,All
1995,Yes,All,All
1996,Yes,All,All
1997,Yes,All,All
1998,Yes,All,All
1999,Yes,All,All
2000,Yes,All,All
2001,Yes,All,All
2002,Yes,All,All
2003,Yes,All,All
2004,Yes,All,All
2005,Yes,All,All
2006,Yes,All,All
2007,Yes,All,All
2008,Yes,All,All
2009,Yes,All,All
2010,Yes,All,All
2011,Yes,All,All
2012,Yes,All,All
2013,Yes,All,All
2014,Yes,All,All
2015,Yes,All,All
2016,Yes,All,All
2017,Yes,All,All
2018,Yes,All,All
2019,Yes,All,All
2020,Yes,All,All
2021,Yes,All,All
2022,Yes,All,All
2023,Yes,All,All
2024,Yes,All,All
2025,Yes,All,All
2026,Yes,All,All
2027,Yes,All,All
2028,Yes,All,All
2029,Yes,All,All
2030,Yes,All,All
2031,Yes,All,All
2032,Yes,All,All
2033,Yes,All,All
2034,Yes,All,All
2035,Yes,All,All
2036,Yes,All,All
2037,Yes,All,All
2038,Yes,All,All
2039,Yes,All,All
2040,Yes,All,All
2041,Yes,All,All
2042,Yes,All,All
2043,Yes,All,All
2044,Yes,All,All
2045,Yes,All,All
2046,Yes,All,All
2047,Yes,All,All
2048,Yes,All,All
2049,Yes,All,All
2050,Yes,All,All
2051,Yes,All,All
2052,Yes,All,All
2053,Yes,All,All
2054,Yes,All,All
2055,Yes,All,All
2056,Yes,All,All
2057,Yes,All,All
2058,Yes,All,All
2059,Yes,All,All
2060,Yes,All,All
2061,Yes,All,All
2062,Yes,All,All
2063,Yes,All,All
2064,Yes,All,All
2065,Yes,All,All
2066,Yes,All,All
2067,Yes,All,All
2068,Yes,All,All
2069,Yes,All,All
2070,Yes,All,All
2071,Yes,All,All
2072,Yes,All,All
2073,Yes,All,All
2074,Yes,All,All
2075,Yes,All,All
2076,Yes,All,All
2077,Yes,All,All
2078,Yes,All,All
2079,Yes,All,All
2080,Yes,All,All
2081,Yes,All,All
2082,Yes,All,All
2083,Yes,All,All
2084,Yes,All,All
2085,Yes,All,All
2086,Yes,All,All
2087,Yes,All,All
2088,Yes,All,All
2089,Yes,All,All
2090,Yes,All,All
2091,Yes,All,All
2092,Yes,All,All
2093,Yes,All,All
2094,Yes,All,All
2095,Yes,All,All
2096,Yes,All,All
2097,Yes,All,All
2098,Yes,All,All
2099,Yes,All,All
2100,Yes,All,All
2101,Yes,All,All
2102,Yes,All,All
2103,Yes,All,All
2104,Yes,All,All
2105,Yes,All,All
2106,Yes,All,All
2107,Yes,All,All
2108,Yes,All,All
2109,Yes,All,All
2110,Yes,All,All
2111,Yes,All,All
2112,Yes,All,All
2113,Yes,All,All
2114,Yes,All,All
2115,Yes,All,All
2116,Yes,All,All
2117,Yes,All,All
2118,Yes,All,All
2119,Yes,All,All
2120,Yes,All,All
2121,Yes,All,All
2122,Yes,All,All
2123,Yes,All,All
2124,Yes,All,All
2125,Yes,All,All
2126,Yes,All,All
2127,Yes,All,All
2128,Yes,All,All
2129,Yes,All,All
2130,Yes,All,All
2131,Yes,All,All
2132,Yes,All,All
2133,Yes,All,All
2134,Yes,All,All
2135,Yes,All,All
2136,Yes,All,All
2137,Yes,All,All
2138,Yes,All,All
2139,Yes,All,All
2140,Yes,All,All
2141,Yes,All,All
2142,Yes,All,All
2143,Yes,All,All
2144,Yes,All,All
2145,Yes,All,All
2146,Yes,All,All
2147,Yes,All,All
2148,Yes,All,All
2149,Yes,All,All
2150,Yes,All,All
2151,Yes,All,All
2152,Yes,All,All
2153,Yes,All,All
2154,Yes,All,All
2155,Yes,All,All
2156,Yes,All,All
2157,Yes,All,All
2158,Yes,All,All
2159,Yes,All,All
2160,Yes,All,All
2161,Yes,All,All
2162,Yes,All,All
2163,Yes,All,All
2164,Yes,All,All
2165,Yes,All,All
2166,Yes,All,All
2167,Yes,All,All
2168,Yes,All,All
2169,Yes,All,All
2170,Yes,All,All
2171,Yes,All,All
2172,Yes,All,All
2173,Yes,All,All
2174,Yes,All,All
2175,Yes,All,All
2176,Yes,All,All
2177,Yes,All,All
2178,Yes,All,All
2179,Yes,All,All
2180,Yes,All,All
2181,Yes,All,All
2182,Yes,All,All
2183,Yes,All,All
2184,Yes,All,All
2185,Yes,All,All
2186,Yes,All,All
2187,Yes,All,All
2188,Yes,All,All
2189,Yes,All,All
2190,Yes,All,All
2191,Yes,All,All
2192,Yes,All,All
2193,Yes,All,All
2194,Yes,All,All
2195,Yes,All,All
2196,Yes,All,All
2197,Yes,All,All
2198,Yes,All,All
2199,Yes,All,All
2200,Yes,All,All
2201,Yes,All,All
2202,Yes,All,All
2203,Yes,All,All
2204,Yes,All,All
2205,Yes,All,All
2206,Yes,All,All
2207,Yes,All,All
2208,Yes,All,All
2209,Yes,All,All
2210,Yes,All,All
2211,Yes,All,All
2212,Yes,All,All
2213,Yes,All,All
2214,Yes,All,All
2215,Yes,All,All
2216,Yes,All,All
2217,Yes,All,All
2218,Yes,All,All
2219,Yes,All,All
2220,Yes,All,All
2221,Yes,All,All
2222,Yes,All,All
2223,Yes,All,All
2224,Yes,All,All
2225,Yes,All,All
2226,Yes,All,All
2227,Yes,All,All
2228,Yes,All,All
2229,Yes,All,All
2230,Yes,All,All
2231,Yes,All,All
2232,Yes,All,All
2233,Yes,All,All
2234,Yes,All,All
2235,Yes,All,All
2236,Yes,All,All
2237,Yes,All,All
2238,Yes,All,All
2239,Yes,All,All
2240,Yes,All,All
2241,Yes,All,All
2242,Yes,All,All
2243,Yes,All,All
2244,Yes,All,All
2245,Yes,All,All
2246,Yes,All,All
2247,Yes,All,All
2248,Yes,All,All
2249,Yes,All,All
2250,Yes,All,All
2251,Yes,All,All
2252,Yes,All,All
2253,Yes,All,All
2254,Yes,All,All
2255,Yes,All,All
2256,Yes,All,All
2257,Yes,All,All
2258,Yes,All,All
2259,Yes,All,All
2260,Yes,All,All
2261,Yes,All,All
2262,Yes,All,All
2263,Yes,All,All
2264,Yes,All,All
2265,Yes,All,All
2266,Yes,All,All
2267,Yes,All,All
2268,Yes,All,All
2269,Yes,All,All
2270,Yes,All,All
2271,Yes,All,All
2272,Yes,All,All
2273,Yes,All,All
2274,Yes,All,All
2275,Yes,All,All
2276,Yes,All,All
2277,Yes,All,All
2278,Yes,All,All
2279,Yes,All,All
2280,Yes,All,All
2281,Yes,All,All
2282,Yes,All,All
2283,Yes,All,All
2284,Yes,All,All
2285,Yes,All,All
2286,Yes,All,All
2287,Yes,All,All
2288,Yes,All,All
2289,Yes,All,All
2290,Yes,All,All
2291,Yes,All,All
2292,Yes,All,All
2293,Yes,All,All
2294,Yes,All,All
2295,Yes,All,All
2296,Yes,All,All
2297,Yes,All,All
2298,Yes,All,All
2299,Yes,All,All
2300,Yes,All,All
2301,Yes,All,All
2302,Yes,All,All
2303,Yes,All,All
2304,Yes,All,All
2305,Yes,All,All
2306,Yes,All,All
2307,Yes,All,All
2308,Yes,All,All
2309,Yes,All,All
2310,Yes,All,All
2311,Yes,All,All
2312,Yes,All,All
2313,Yes,All,All
2314,Yes,All,All
2315,Yes,All,All
2316,Yes,All,All
2317,Yes,All,All
2318,Yes,All,All
2319,Yes,All,All
2320,Yes,All,All
2321,Yes,All,All
2322,Yes,All,All
2323,Yes,All,All
2324,Yes,All,All
2325,Yes,All,All
2326,Yes,All,All
2327,Yes,All,All
2328,Yes,All,All
2329,Yes,All,All
2330,Yes,All,All
2331,Yes,All,All
2332,Yes,All,All
2333,Yes,All,All
2334,Yes,All,All
2335,Yes,All,All
2336,Yes,All,All
2337,Yes,All,All
2338,Yes,All,All
2339,Yes,All,All
2340,Yes,All,All
2341,Yes,All,All
2342,Yes,All,All
2343,Yes,All,All
2344,Yes,All,All
2345,Yes,All,All
2346,Yes,All,All
2347,Yes,All,All
2348,Yes,All,All
2349,Yes,All,All
2350,Yes,All,All
2351,Yes,All,All
2352,Yes,All,All
2353,Yes,All,All
2354,Yes,All,All
2355,Yes,All,All
2356,Yes,All,All
2357,Yes,All,All
2358,Yes,All,All
2359,Yes,All,All
2360,Yes,All,All
2361,Yes,All,All
2362,Yes,All,All
2363,Yes,All,All
2364,Yes,All,All
2365,Yes,All,All
2366,Yes,All,All
2367,Yes,All,All
2368,Yes,All,All
2369,Yes,All,All
2370,Yes,All,All
2371,Yes,All,All
2372,Yes,All,All
2373,Yes,All,All
2374,Yes,All,All
2375,Yes,All,All
2376,Yes,All,All
2377,Yes,All,All
2378,Yes,All,All
2379,Yes,All,All
2380,Yes,All,All
2381,Yes,All,All
2382,Yes,All,All
2383,Yes,All,All
2384,Yes,All,All
2385,Yes,All,All
2386,Yes,All,All
2387,Yes,All,All
2388,Yes,All,All
2389,Yes,All,All
2390,Yes,All,All
2391,Yes,All,All
2392,Yes,All,All
2393,Yes,All,All
2394,Yes,All,All
2395,Yes,All,All
2396,Yes,All,All
2397,Yes,All,All
2398,Yes,All,All
2399,Yes,All,All
2400,Yes,All,All
2401,Yes,All,All
2402,Yes,All,All
2403,Yes,All,All
2404,Yes,All,All
2405,Yes,All,All
2406,Yes,All,All
2407,Yes,All,All
2408,Yes,All,All
2409,Yes,All,All
2410,Yes,All,All
2411,Yes,All,All
2412,Yes,All,All
2413,Yes,All,All
2414,Yes,All,All
2415,Yes,All,All
2416,Yes,All,All
2417,Yes,All,All
2418,Yes,All,All
2419,Yes,All,All
2420,Yes,All,All
2421,Yes,All,All
2422,Yes,All,All
2423,Yes,All,All
2424,Yes,All,All
2425,Yes,All,All
2426,Yes,All,All
2427,Yes,All,All
2428,Yes,All,All
2429,Yes,All,All
2430,Yes,All,All
2431,Yes,All,All
2432,Yes,All,All
2433,Yes,All,All
2434,Yes,All,All
2435,Yes,All,All
2436,Yes,All,All
2437,Yes,All,All
2438,Yes,All,All
2439,Yes,All,All
2440,Yes,All,All
2441,Yes,All,All
2442,Yes,All,All
2443,Yes,All,All
2444,Yes,All,All
2445,Yes,All,All
2446,Yes,All,All
2447,Yes,All,All
2448,Yes,All,All
2449,Yes,All,All
2450,Yes,All,All
2451,Yes,All,All
2452,Yes,All,All
2453,Yes,All,All
2454,Yes,All,All
2455,Yes,All,All
2456,Yes,All,All
2457,Yes,All,All
2458,Yes,All,All
2459,Yes,All,All
2460,Yes,All,All
2461,Yes,All,All
2462,Yes,All,All
2463,Yes,All,All
2464,Yes,All,All
2465,Yes,All,All
2466,Yes,All,All
2467,Yes,All,All
2468,Yes,All,All
2469,Yes,All,All
2470,Yes,All,All
2471,Yes,All,All
2472,Yes,All,All
2473,Yes,All,All
2474,Yes,All,All
2475,Yes,All,All
2476,Yes,All,All
2477,Yes,All,All
2478,Yes,All,All
2479,Yes,All,All
2480,Yes,All,All
2481,Yes,All,All
2482,Yes,All,All
2483,Yes,All,All
2484,Yes,All,All
2485,Yes,All,All
2486,Yes,All,All
2487,Yes,All,All
2488,Yes,All,All
2489,Yes,All,All
2490,Yes,All,All
2491,Yes,All,All
2492,Yes,All,All
2493,Yes,All,All
2494,Yes,All,All
2495,Yes,All,All
2496,Yes,All,All
2497,Yes,All,All
2498,Yes,All,All
2499,Yes,All,All
2500,Yes,All,All
2501,Yes,All,All
2502,Yes,All,All
2503,Yes,All,All
2504,Yes,All,All
2505,Yes,All,All
2506,Yes,All,All
2507,Yes,All,All
2508,Yes,All,All
2509,Yes,All,All
2510,Yes,All,All
2511,Yes,All,All
2512,Yes,All,All
2513,Yes,All,All
2514,Yes,All,All
2515,Yes,All,All
2516,Yes,All,All
2517,Yes,All,All
2518,Yes,All,All
2519,Yes,All,All
2520,Yes,All,All
2521,Yes,All,All
2522,Yes,All,All
2523,Yes,All,All
2524,Yes,All,All
2525,Yes,All,All
2526,Yes,All,All
2527,Yes,All,All
2528,Yes,All,All
2529,Yes,All,All
2530,Yes,All,All
2531,Yes,All,All
2532,Yes,All,All
2533,Yes,All,All
2534,Yes,All,All
2535,Yes,All,All
2536,Yes,All,All
2537,Yes,All,All
2538,Yes,All,All
2539,Yes,All,All
2540,Yes,All,All
2541,Yes,All,All
2542,Yes,All,All
2543,Yes,All,All
2544,Yes,All,All
2545,Yes,All,All
2546,Yes,All,All
2547,Yes,All,All
2548,Yes,All,All
2549,Yes,All,All
2550,Yes,All,All
2551,Yes,All,All
2552,Yes,All,All
2553,Yes,All,All
2554,Yes,All,All
2555,Yes,All,All
2556,Yes,All,All
2557,Yes,All,All
2558,Yes,All,All
2559,Yes,All,All
2560,Yes,All,All
2561,Yes,All,All
2562,Yes,All,All
2563,Yes,All,All
2564,Yes,All,All
2565,Yes,All,All
2566,Yes,All,All
2567,Yes,All,All
2568,Yes,All,All
2569,Yes,All,All
2570,Yes,All,All
2571,Yes,All,All
2572,Yes,All,All
2573,Yes,All,All
2574,Yes,All,All
2575,Yes,All,All
2576,Yes,All,All
2577,Yes,All,All
2578,Yes,All,All
2579,Yes,All,All
2580,Yes,All,All
2581,Yes,All,All
2582,Yes,All,All
2583,Yes,All,All
2584,Yes,All,All
2585,Yes,All,All
2586,Yes,All,All
2587,Yes,All,All
2588,Yes,All,All
2589,Yes,All,All
2590,Yes,All,All
2591,Yes,All,All
2592,Yes,All,All
2593,Yes,All,All
2594,Yes,All,All
2595,Yes,All,All
2596,Yes,All,All
2597,Yes,All,All
2598,Yes,All,All
2599,Yes,All,All
2600,Yes,All,All
2601,Yes,All,All
2602,Yes,All,All
2603,Yes,All,All
2604,Yes,All,All
2605,Yes,All,All
2606,Yes,All,All
2607,Yes,All,All
2608,Yes,All,All
2609,Yes,All,All
2610,Yes,All,All
2611,Yes,All,All
2612,Yes,All,All
2613,Yes,All,All
2614,Yes,All,All
2615,Yes,All,All
2616,Yes,All,All
2617,Yes,All,All
2618,Yes,All,All
2619,Yes,All,All
2620,Yes,All,All
2621,Yes,All,All
2622,Yes,All,All
2623,Yes,All,All
2624,Yes,All,All
2625,Yes,All,All
2626,Yes,All,All
2627,Yes,All,All
2628,Yes,All,All
2629,Yes,All,All
2630,Yes,All,All
2631,Yes,All,All
2632,Yes,All,All
2633,Yes,All,All
2634,Yes,All,All
2635,Yes,All,All
2636,Yes,All,All
2637,Yes,All,All
2638,Yes,All,All
2639,Yes,All,All
2640,Yes,All,All
2641,Yes,All,All
2642,Yes,All,All
2643,Yes,All,All
2644,Yes,All,All
2645,Yes,All,All
2646,Yes,All,All
2647,Yes,All,All
2648,Yes,All,All
2649,Yes,All,All
2650,Yes,All,All
2651,Yes,All,All
2652,Yes,All,All
2653,Yes,All,All
2654,Yes,All,All
2655,Yes,All,All
2656,Yes,All,All
2657,Yes,All,All
2658,Yes,All,All
2659,Yes,All,All
2660,Yes,All,All
2661,Yes,All,All
2662,Yes,All,All
2663,Yes,All,All
2664,Yes,All,All
2665,Yes,All,All
2666,Yes,All,All
2667,Yes,All,All
2668,Yes,All,All
2669,Yes,All,All
2670,Yes,All,All
2671,Yes,All,All
2672,Yes,All,All
2673,Yes,All,All
2674,Yes,All,All
2675,Yes,All,All
2676,Yes,All,All
2677,Yes,All,All
2678,Yes,All,All
2679,Yes,All,All
2680,Yes,All,All
2681,Yes,All,All
2682,Yes,All,All
2683,Yes,All,All
2684,Yes,All,All
2685,Yes,All,All
2686,Yes,All,All
2687,Yes,All,All
2688,Yes,All,All
2689,Yes,All,All
2690,Yes,All,All
2691,Yes,All,All
2692,Yes,All,All
2693,Yes,All,All
2694,Yes,All,All
2695,Yes,All,All
2696,Yes,All,All
2697,Yes,All,All
2698,Yes,All,All
2699,Yes,All,All
2700,Yes,All,All
2701,Yes,All,All
2702,Yes,All,All
2703,Yes,All,All
2704,Yes,All,All
2705,Yes,All,All
2706,Yes,All,All
2707,Yes,All,All
2708,Yes,All,All
2709,Yes,All,All
2710,Yes,All,All
2711,Yes,All,All
2712,Yes,All,All
2713,Yes,All,All
2714,Yes,All,All
2715,Yes,All,All
2716,Yes,All,All
2717,Yes,All,All
2718,Yes,All,All
2719,Yes,All,All
2720,Yes,All,All
2721,Yes,All,All
2722,Yes,All,All
2723,Yes,All,All
2724,Yes,All,All
2725,Yes,All,All
2726,Yes,All,All
2727,Yes,All,All
2728,Yes,All,All
2729,Yes,All,All
2730,Yes,All,All
2731,Yes,All,All
2732,Yes,All,All
2733,Yes,All,All
2734,Yes,All,All
2735,Yes,All,All
2736,Yes,All,All
2737,Yes,All,All
2738,Yes,All,All
2739,Yes,All,All
2740,Yes,All,All
2741,Yes,All,All
2742,Yes,All,All
2743,Yes,All,All
2744,Yes,All,All
2745,Yes,All,All
2746,Yes,All,All
2747,Yes,All,All
2748,Yes,All,All
2749,Yes,All,All
2750,Yes,All,All
2751,Yes,All,All
2752,Yes,All,All
2753,Yes,All,All
2754,Yes,All,All
2755,Yes,All,All
2756,Yes,All,All
2757,Yes,All,All
2758,Yes,All,All
2759,Yes,All,All
2760,Yes,All,All
2761,Yes,All,All
2762,Yes,All,All
2763,Yes,All,All
2764,Yes,All,All
2765,Yes,All,All
2766,Yes,All,All
2767,Yes,All,All
2768,Yes,All,All
2769,Yes,All,All
2770,Yes,All,All
2771,Yes,All,All
2772,Yes,All,All
2773,Yes,All,All
2774,Yes,All,All
2775,Yes,All,All
2776,Yes,All,All
2777,Yes,All,All
2778,Yes,All,All
2779,Yes,All,All
2780,Yes,All,All
2781,Yes,All,All
2782,Yes,All,All
2783,Yes,All,All
2784,Yes,All,All
2785,Yes,All,All
2786,Yes,All,All
2787,Yes,All,All
2788,Yes,All,All
2789,Yes,All,All
2790,Yes,All,All
2791,Yes,All,All
2792,Yes,All,All
2793,Yes,All,All
2794,Yes,All,All
2795,Yes,All,All
2796,Yes,All,All
2797,Yes,All,All
2798,Yes,All,All
2799,Yes,All,All
2800,Yes,All,All
2801,Yes,All,All
2802,Yes,All,All
2803,Yes,All,All
2804,Yes,All,All
2805,Yes,All,All
2806,Yes,All,All
2807,Yes,All,All
2808,Yes,All,All
2809,Yes,All,All
2810,Yes,All,All
2811,Yes,All,All
2812,Yes,All,All
2813,Yes,All,All
2814,Yes,All,All
2815,Yes,All,All
2816,Yes,All,All
2817,Yes,All,All
2818,Yes,All,All
2819,Yes,All,All
2820,Yes,All,All
2821,Yes,All,All
2822,Yes,All,All
2823,Yes,All,All
2824,Yes,All,All
2825,Yes,All,All
2826,Yes,All,All
2827,Yes,All,All
2828,Yes,All,All
2829,Yes,All,All
2830,Yes,All,All
2831,Yes,All,All
2832,Yes,All,All
2833,Yes,All,All
2834,Yes,All,All
2835,Yes,All,All
2836,Yes,All,All
2837,Yes,All,All
2838,Yes,All,All
2839,Yes,All,All
2840,Yes,All,All
2841,Yes,All,All
2842,Yes,All,All
2843,Yes,All,All
2844,Yes,All,All
2845,Yes,All,All
2846,Yes,All,All
2847,Yes,All,All
2848,Yes,All,All
2849,Yes,All,All
2850,Yes,All,All
2851,Yes,All,All
2852,Yes,All,All
2853,Yes,All,All
2854,Yes,All,All
2855,Yes,All,All
2856,Yes,All,All
2857,Yes,All,All
2858,Yes,All,All
2859,Yes,All,All
2860,Yes,All,All
2861,Yes,All,All
2862,Yes,All,All
2863,Yes,All,All
2864,Yes,All,All
2865,Yes,All,All
2866,Yes,All,All
2867,Yes,All,All
2868,Yes,All,All
2869,Yes,All,All
2870,Yes,All,All
2871,Yes,All,All
2872,Yes,All,All
2873,Yes,All,All
2874,Yes,All,All
2875,Yes,All,All
2876,Yes,All,All
2877,Yes,All,All
2878,Yes,All,All
2879,Yes,All,All
2880,Yes,All,All
2881,Yes,All,All
2882,Yes,All,All
2883,Yes,All,All
2884,Yes,All,All
2885,Yes,All,All
2886,Yes,All,All
2887,Yes,All,All
2888,Yes,All,All
2889,Yes,All,All
2890,Yes,All,All
2891,Yes,All,All
2892,Yes,All,All
2893,Yes,All,All
2894,Yes,All,All
2895,Yes,All,All
2896,Yes,All,All
2897,Yes,All,All
2898,Yes,All,All
2899,Yes,All,All
2900,Yes,All,All
2901,Yes,All,All
2902,Yes,All,All
2903,Yes,All,All
2904,Yes,All,All
2905,Yes,All,All
2906,Yes,All,All
2907,Yes,All,All
2908,Yes,All,All
2909,Yes,All,All
2910,Yes,All,All
2911,Yes,All,All
2912,Yes,All,All
2913,Yes,All,All
2914,Yes,All,All
2915,Yes,All,All
2916,Yes,All,All
2917,Yes,All,All
2918,Yes,All,All
2919,Yes,All,All
2920,Yes,All,All
2921,Yes,All,All
2922,Yes,All,All
2923,Yes,All,All
2924,Yes,All,All
2925,Yes,All,All
2926,Yes,All,All
2927,Yes,All,All
2928,Yes,All,All
2929,Yes,All,All
2930,Yes,All,All
2931,Yes,All,All
2932,Yes,All,All
2933,Yes,All,All
2934,Yes,All,All
2935,Yes,All,All
2936,Yes,All,All
2937,Yes,All,All
2938,Yes,All,All
2939,Yes,All,All
2940,Yes,All,All
2941,Yes,All,All
2942,Yes,All,All
2943,Yes,All,All
2944,Yes,All,All
2945,Yes,All,All
2946,Yes,All,All
2947,Yes,All,All
2948,Yes,All,All
2949,Yes,All,All
2950,Yes,All,All
2951,Yes,All,All
2952,Yes,All,All
2953,Yes,All,All
2954,Yes,All,All
2955,Yes,All,All
2956,Yes,All,All
2957,Yes,All,All
2958,Yes,All,All
2959,Yes,All,All
2960,Yes,All,All
2961,Yes,All,All
2962,Yes,All,All
2963,Yes,All,All
2964,Yes,All,All
2965,Yes,All,All
2966,Yes,All,All
2967,Yes,All,All
2968,Yes,All,All
2969,Yes,All,All
2970,Yes,All,All
2971,Yes,All,All
2972,Yes,All,All
2973,Yes,All,All
2974,Yes,All,All
2975,Yes,All,All
2976,Yes,All,All
2977,Yes,All,All
2978,Yes,All,All
2979,Yes,All,All
2980,Yes,All,All
2981,Yes,All,All
2982,Yes,All,All
2983,Yes,All,All
2984,Yes,All,All
2985,Yes,All,All
2986,Yes,All,All
2987,Yes,All,All
2988,Yes,All,All
2989,Yes,All,All
2990,Yes,All,All
2991,Yes,All,All
2992,Yes,All,All
2993,Yes,All,All
2994,Yes,All,All
2995,Yes,All,All
2996,Yes,All,All
2997,Yes,All,All
2998,Yes,All,All
2999,Yes,All,All
3000,Yes,All,All
3001,Yes,All,All
3002,Yes,All,All
3003,Yes,All,All
3004,Yes,All,All
3005,Yes,All,All
3006,Yes,All,All
3007,Yes,All,All
3008,Yes,All,All
3009,Yes,All,All
3010,Yes,All,All
3011,Yes,All,All
3012,Yes,All,All
3013,Yes,All,All
3014,Yes,All,All
3015,Yes,All,All
3016,Yes,All,All
3017,Yes,All,All
3018,Yes,All,All
3019,Yes,All,All
3020,Yes,All,All
3021,Yes,All,All
3022,Yes,All,All
3023,Yes,All,All
3024,Yes,All,All
3025,Yes,All,All
3026,Yes,All,All
3027,Yes,All,All
3028,Yes,All,All
3029,Yes,All,All
3030,Yes,All,All
3031,Yes,All,All
3032,Yes,All,All
3033,Yes,All,All
3034,Yes,All,All
3035,Yes,All,All
3036,Yes,All,All
3037,Yes,All,All
3038,Yes,All,All
3039,Yes,All,All
3040,Yes,All,All
3041,Yes,All,All
3042,Yes,All,All
3043,Yes,All,All
3044,Yes,All,All
3045,Yes,All,All
3046,Yes,All,All
3047,Yes,All,All
3048,Yes,All,All
3049,Yes,All,All
3050,Yes,All,All
3051,Yes,All,All
3052,Yes,All,All
3053,Yes,All,All
3054,Yes,All,All
3055,Yes,All,All
3056,Yes,All,All
3057,Yes,All,All
3058,Yes,All,All
3059,Yes,All,All
3060,Yes,All,All
3061,Yes,All,All
3062,Yes,All,All
3063,Yes,All,All
3064,Yes,All,All
3065,Yes,All,All
3066,Yes,All,All
3067,Yes,All,All
3068,Yes,All,All
3069,Yes,All,All
3070,Yes,All,All
3071,Yes,All,All
3072,Yes,All,All
3073,Yes,All,All
3074,Yes,All,All
3075,Yes,All,All
3076,Yes,All,All
3077,Yes,All,All
3078,Yes,All,All
3079,Yes,All,All
3080,Yes,All,All
3081,Yes,All,All
3082,Yes,All,All
3083,Yes,All,All
3084,Yes,All,All
3085,Yes,All,All
3086,Yes,All,All
3087,Yes,All,All
3088,Yes,All,All
3089,Yes,All,All
3090,Yes,All,All
3091,Yes,All,All
3092,Yes,All,All
3093,Yes,All,All
3094,Yes,All,All
3095,Yes,All,All
3096,Yes,All,All
3097,Yes,All,All
3098,Yes,All,All
3099,Yes,All,All
3100,Yes,All,All
3101,Yes,All,All
3102,Yes,All,All
3103,Yes,All,All
3104,Yes,All,All
3105,Yes,All,All
3106,Yes,All,All
3107,Yes,All,All
3108,Yes,All,All
3109,Yes,All,All
3110,Yes,All,All
3111,Yes,All,All
3112,Yes,All,All
3113,Yes,All,All
3114,Yes,All,All
3115,Yes,All,All
3116,Yes,All,All
3117,Yes,All,All
3118,Yes,All,All
3119,Yes,All,All
3120,Yes,All,All
3121,Yes,All,All
3122,Yes,All,All
3123,Yes,All,All
3124,Yes,All,All
3125,Yes,All,All
3126,Yes,All,All
3127,Yes,All,All
3128,Yes,All,All
3129,Yes,All,All
3130,Yes,All,All
3131,Yes,All,All
3132,Yes,All,All
3133,Yes,All,All
3134,Yes,All,All
3135,Yes,All,All
3136,Yes,All,All
3137,Yes,All,All
3138,Yes,All,All
3139,Yes,All,All
3140,Yes,All,All
3141,Yes,All,All
3142,Yes,All,All
3143,Yes,All,All
3144,Yes,All,All
3145,Yes,All,All
3146,Yes,All,All
3147,Yes,All,All
3148,Yes,All,All
3149,Yes,All,All
3150,Yes,All,All
3151,Yes,All,All
3152,Yes,All,All
3153,Yes,All,All
3154,Yes,All,All
3155,Yes,All,All
3156,Yes,All,All
3157,Yes,All,All
3158,Yes,All,All
3159,Yes,All,All
3160,Yes,All,All
3161,Yes,All,All
3162,Yes,All,All
3163,Yes,All,All
3164,Yes,All,All
3165,Yes,All,All
3166,Yes,All,All
3167,Yes,All,All
3168,Yes,All,All
3169,Yes,All,All
3170,Yes,All,All
3171,Yes,All,All
3172,Yes,All,All
3173,Yes,All,All
3174,Yes,All,All
3175,Yes,All,All
3176,Yes,All,All
3177,Yes,All,All
3178,Yes,All,All
3179,Yes,All,All
3180,Yes,All,All
3181,Yes,All,All
3182,Yes,All,All
3183,Yes,All,All
3184,Yes,All,All
3185,Yes,All,All
3186,Yes,All,All
3187,Yes,All,All
3188,Yes,All,All
3189,Yes,All,All
3190,Yes,All,All
3191,Yes,All,All
3192,Yes,All,All
3193,Yes,All,All
3194,Yes,All,All
3195,Yes,All,All
3196,Yes,All,All
3197,Yes,All,All
3198,Yes,All,All
3199,Yes,All,All
3200,Yes,All,All
3201,Yes,All,All
3202,Yes,All,All
3203,Yes,All,All
3204,Yes,All,All
3205,Yes,All,All
3206,Yes,All,All
3207,Yes,All,All
3208,Yes,All,All
3209,Yes,All,All
3210,Yes,All,All
3211,Yes,All,All
3212,Yes,All,All
3213,Yes,All,All
3214,Yes,All,All
3215,Yes,All,All
3216,Yes,All,All
3217,Yes,All,All
3218,Yes,All,All
3219,Yes,All,All
3220,Yes,All,All
3221,Yes,All,All
3222,Yes,All,All
3223,Yes,All,All
3224,Yes,All,All
3225,Yes,All,All
3226,Yes,All,All
3227,Yes,All,All
3228,Yes,All,All
3229,Yes,All,All
3230,Yes,All,All
3231,Yes,All,All
3232,Yes,All,All
3233,Yes,All,All
3234,Yes,All,All
3235,Yes,All,All
3236,Yes,All,All
3237,Yes,All,All
3238,Yes,All,All
3239,Yes,All,All
3240,Yes,All,All
3241,Yes,All,All
3242,Yes,All,All
3243,Yes,All,All
3244,Yes,All,All
3245,Yes,All,All
3246,Yes,All,All
3247,Yes,All,All
3248,Yes,All,All
3249,Yes,All,All
3250,Yes,All,All
3251,Yes,All,All
3252,Yes,All,All
3253,Yes,All,All
3254,Yes,All,All
3255,Yes,All,All
3256,Yes,All,All
3257,Yes,All,All
3258,Yes,All,All
3259,Yes,All,All
3260,Yes,All,All
3261,Yes,All,All
3262,Yes,All,All
3263,Yes,All,All
3264,Yes,All,All
3265,Yes,All,All
3266,Yes,All,All
3267,Yes,All,All
3268,Yes,All,All
3269,Yes,All,All
3270,Yes,All,All
3271,Yes,All,All
3272,Yes,All,All
3273,Yes,All,All
3274,Yes,All,All
3275,Yes,All,All
3276,Yes,All,All
3277,Yes,All,All
3278,Yes,All,All
3279,Yes,All,All
3280,Yes,All,All
3281,Yes,All,All
3282,Yes,All,All
3283,Yes,All,All
3284,Yes,All,All
3285,Yes,All,All
3286,Yes,All,All
3287,Yes,All,All
3288,Yes,All,All
3289,Yes,All,All
3290,Yes,All,All
3291,Yes,All,All
3292,Yes,All,All
3293,Yes,All,All
3294,Yes,All,All
3295,Yes,All,All
3296,Yes,All,All
3297,Yes,All,All
3298,Yes,All,All
3299,Yes,All,All
3300,Yes,All,All
3301,Yes,All,All
3302,Yes,All,All
3303,Yes,All,All
3304,Yes,All,All
3305,Yes,All,All
3306,Yes,All,All
3307,Yes,All,All
3308,Yes,All,All
3309,Yes,All,All
3310,Yes,All,All
3311,Yes,All,All
3312,Yes,All,All
3313,Yes,All,All
3314,Yes,All,All
3315,Yes,All,All
3316,Yes,All,All
3317,Yes,All,All
3318,Yes,All,All
3319,Yes,All,All
3320,Yes,All,All
3321,Yes,All,All
3322,Yes,All,All
3323,Yes,All,All
3324,Yes,All,All
3325,Yes,All,All
3326,Yes,All,All
3327,Yes,All,All
3328,Yes,All,All
3329,Yes,All,All
3330,Yes,All,All
3331,Yes,All,All
3332,Yes,All,All
3333,Yes,All,All
3334,Yes,All,All
3335,Yes,All,All
3336,Yes,All,All
3337,Yes,All,All
3338,Yes,All,All
3339,Yes,All,All
3340,Yes,All,All
3341,Yes,All,All
3342,Yes,All,All
3343,Yes,All,All
3344,Yes,All,All
3345,Yes,All,All
3346,Yes,All,All
3347,Yes,All,All
3348,Yes,All,All
3349,Yes,All,All
3350,Yes,All,All
3351,Yes,All,All
3352,Yes,All,All
3353,Yes,All,All
3354,Yes,All,All
3355,Yes,All,All
3356,Yes,All,All
3357,Yes,All,All
3358,Yes,All,All
3359,Yes,All,All
3360,Yes,All,All
3361,Yes,All,All
3362,Yes,All,All
3363,Yes,All,All
3364,Yes,All,All
3365,Yes,All,All
3366,Yes,All,All
3367,Yes,All,All
3368,Yes,All,All
3369,Yes,All,All
3370,Yes,All,All
3371,Yes,All,All
3372,Yes,All,All
3373,Yes,All,All
3374,Yes,All,All
3375,Yes,All,All
3376,Yes,All,All
3377,Yes,All,All
3378,Yes,All,All
3379,Yes,All,All
3380,Yes,All,All
3381,Yes,All,All
3382,Yes,All,All
3383,Yes,All,All
3384,Yes,All,All
3385,Yes,All,All
3386,Yes,All,All
3387,Yes,All,All
3388,Yes,All,All
3389,Yes,All,All
3390,Yes,All,All
3391,Yes,All,All
3392,Yes,All,All
3393,Yes,All,All
3394,Yes,All,All
3395,Yes,All,All
3396,Yes,All,All
3397,Yes,All,All
3398,Yes,All,All
3399,Yes,All,All
3400,Yes,All,All
3401,Yes,All,All
3402,Yes,All,All
3403,Yes,All,All
3404,Yes,All,All
3405,Yes,All,All
3406,Yes,All,All
3407,Yes,All,All
3408,Yes,All,All
3409,Yes,All,All
3410,Yes,All,All
3411,Yes,All,All
3412,Yes,All,All
3413,Yes,All,All
3414,Yes,All,All
3415,Yes,All,All
3416,Yes,All,All
3417,Yes,All,All
3418,Yes,All,All
3419,Yes,All,All
3420,Yes,All,All
3421,Yes,All,All
3422,Yes,All,All
3423,Yes,All,All
3424,Yes,All,All
3425,Yes,All,All
3426,Yes,All,All
3427,Yes,All,All
3428,Yes,All,All
3429,Yes,All,All
3430,Yes,All,All
3431,Yes,All,All
3432,Yes,All,All
3433,Yes,All,All
3434,Yes,All,All
3435,Yes,All,All
3436,Yes,All,All
3437,Yes,All,All
3438,Yes,All,All
3439,Yes,All,All
3440,Yes,All,All
3441,Yes,All,All
3442,Yes,All,All
3443,Yes,All,All
3444,Yes,All,All
3445,Yes,All,All
3446,Yes,All,All
3447,Yes,All,All
3448,Yes,All,All
3449,Yes,All,All
3450,Yes,All,All
3451,Yes,All,All
3452,Yes,All,All
3453,Yes,All,All
3454,Yes,All,All
3455,Yes,All,All
3456,Yes,All,All
3457,Yes,All,All
3458,Yes,All,All
3459,Yes,All,All
3460,Yes,All,All
3461,Yes,All,All
3462,Yes,All,All
3463,Yes,All,All
3464,Yes,All,All
3465,Yes,All,All
3466,Yes,All,All
3467,Yes,All,All
3468,Yes,All,All
3469,Yes,All,All
3470,Yes,All,All
3471,Yes,All,All
3472,Yes,All,All
3473,Yes,All,All
3474,Yes,All,All
3475,Yes,All,All
3476,Yes,All,All
3477,Yes,All,All
3478,Yes,All,All
3479,Yes,All,All
3480,Yes,All,All
3481,Yes,All,All
3482,Yes,All,All
3483,Yes,All,All
3484,Yes,All,All
3485,Yes,All,All
3486,Yes,All,All
3487,Yes,All,All
3488,Yes,All,All
3489,Yes,All,All
3490,Yes,All,All
3491,Yes,All,All
3492,Yes,All,All
3493,Yes,All,All
3494,Yes,All,All
3495,Yes,All,All
3496,Yes,All,All
3497,Yes,All,All
3498,Yes,All,All
3499,Yes,All,All
3500,Yes,All,All
3501,Yes,All,All
3502,Yes,All,All
3503,Yes,All,All
3504,Yes,All,All
3505,Yes,All,All
3506,Yes,All,All
3507,Yes,All,All
3508,Yes,All,All
3509,Yes,All,All
3510,Yes,All,All
3511,Yes,All,All
3512,Yes,All,All
3513,Yes,All,All
3514,Yes,All,All
3515,Yes,All,All
3516,Yes,All,All
3517,Yes,All,All
3518,Yes,All,All
3519,Yes,All,All
3520,Yes,All,All
3521,Yes,All,All
3522,Yes,All,All
3523,Yes,All,All
3524,Yes,All,All
3525,Yes,All,All
3526,Yes,All,All
3527,Yes,All,All
3528,Yes,All,All
3529,Yes,All,All
3530,Yes,All,All
3531,Yes,All,All
3532,Yes,All,All
3533,Yes,All,All
3534,Yes,All,All
3535,Yes,All,All
3536,Yes,All,All
3537,Yes,All,All
3538,Yes,All,All
3539,Yes,All,All
3540,Yes,All,All
3541,Yes,All,All
3542,Yes,All,All
3543,Yes,All,All
3544,Yes,All,All
3545,Yes,All,All
3546,Yes,All,All
3547,Yes,All,All
3548,Yes,All,All
3549,Yes,All,All
3550,Yes,All,All
3551,Yes,All,All
3552,Yes,All,All
3553,Yes,All,All
3554,Yes,All,All
3555,Yes,All,All
3556,Yes,All,All
3557,Yes,All,All
3558,Yes,All,All
3559,Yes,All,All
3560,Yes,All,All
3561,Yes,All,All
3562,Yes,All,All
3563,Yes,All,All
3564,Yes,All,All
3565,Yes,All,All
3566,Yes,All,All
3567,Yes,All,All
3568,Yes,All,All
3569,Yes,All,All
3570,Yes,All,All
3571,Yes,All,All
3572,Yes,All,All
3573,Yes,All,All
3574,Yes,All,All
3575,Yes,All,All
3576,Yes,All,All
3577,Yes,All,All
3578,Yes,All,All
3579,Yes,All,All
3580,Yes,All,All
3581,Yes,All,All
3582,Yes,All,All
3583,Yes,All,All
3584,Yes,All,All
3585,Yes,All,All
3586,Yes,All,All
3587,Yes,All,All
3588,Yes,All,All
3589,Yes,All,All
3590,Yes,All,All
3591,Yes,All,All
3592,Yes,All,All
3593,Yes,All,All
3594,Yes,All,All
3595,Yes,All,All
3596,Yes,All,All
3597,Yes,All,All
3598,Yes,All,All
3599,Yes,All,All
3600,Yes,All,All
3601,Yes,All,All
3602,Yes,All,All
3603,Yes,All,All
3604,Yes,All,All
3605,Yes,All,All
3606,Yes,All,All
3607,Yes,All,All
3608,Yes,All,All
3609,Yes,All,All
3610,Yes,All,All
3611,Yes,All,All
3612,Yes,All,All
3613,Yes,All,All
3614,Yes,All,All
3615,Yes,All,All
3616,Yes,All,All
3617,Yes,All,All
3618,Yes,All,All
3619,Yes,All,All
3620,Yes,All,All
3621,Yes,All,All
3622,Yes,All,All
3623,Yes,All,All
3624,Yes,All,All
3625,Yes,All,All
3626,Yes,All,All
3627,Yes,All,All
3628,Yes,All,All
3629,Yes,All,All
3630,Yes,All,All
3631,Yes,All,All
3632,Yes,All,All
3633,Yes,All,All
3634,Yes,All,All
3635,Yes,All,All
3636,Yes,All,All
3637,Yes,All,All
3638,Yes,All,All
3639,Yes,All,All
3640,Yes,All,All
3641,Yes,All,All
3642,Yes,All,All
3643,Yes,All,All
3644,Yes,All,All
3645,Yes,All,All
3646,Yes,All,All
3647,Yes,All,All
3648,Yes,All,All
3649,Yes,All,All
3650,Yes,All,All
3651,Yes,All,All
3652,Yes,All,All
3653,Yes,All,All
3654,Yes,All,All
3655,Yes,All,All
3656,Yes,All,All
3657,Yes,All,All
3658,Yes,All,All
3659,Yes,All,All
3660,Yes,All,All
3661,Yes,All,All
3662,Yes,All,All
3663,Yes,All,All
3664,Yes,All,All
3665,Yes,All,All
3666,Yes,All,All
3667,Yes,All,All
3668,Yes,All,All
3669,Yes,All,All
3670,Yes,All,All
3671,Yes,All,All
3672,Yes,All,All
3673,Yes,All,All
3674,Yes,All,All
3675,Yes,All,All
3676,Yes,All,All
3677,Yes,All,All
3678,Yes,All,All
3679,Yes,All,All
3680,Yes,All,All
3681,Yes,All,All
3682,Yes,All,All
3683,Yes,All,All
3684,Yes,All,All
3685,Yes,All,All
3686,Yes,All,All
3687,Yes,All,All
3688,Yes,All,All
3689,Yes,All,All
3690,Yes,All,All
3691,Yes,All,All
3692,Yes,All,All
3693,Yes,All,All
3694,Yes,All,All
3695,Yes,All,All
3696,Yes,All,All
3697,Yes,All,All
3698,Yes,All,All
3699,Yes,All,All
3700,Yes,All,All
3701,Yes,All,All
3702,Yes,All,All
3703,Yes,All,All
3704,Yes,All,All
3705,Yes,All,All
3706,Yes,All,All
3707,Yes,All,All
3708,Yes,All,All
3709,Yes,All,All
3710,Yes,All,All
3711,Yes,All,All
3712,Yes,All,All
3713,Yes,All,All
3714,Yes,All,All
3715,Yes,All,All
3716,Yes,All,All
3717,Yes,All,All
3718,Yes,All,All
3719,Yes,All,All
3720,Yes,All,All
3721,Yes,All,All
3722,Yes,All,All
3723,Yes,All,All
3724,Yes,All,All
3725,Yes,All,All
3726,Yes,All,All
3727,Yes,All,All
3728,Yes,All,All
3729,Yes,All,All
3730,Yes,All,All
3731,Yes,All,All
3732,Yes,All,All
3733,Yes,All,All
3734,Yes,All,All
3735,Yes,All,All
3736,Yes,All,All
3737,Yes,All,All
3738,Yes,All,All
3739,Yes,All,All
3740,Yes,All,All
3741,Yes,All,All
3742,Yes,All,All
3743,Yes,All,All
3744,Yes,All,All
3745,Yes,All,All
3746,Yes,All,All
3747,Yes,All,All
3748,Yes,All,All
3749,Yes,All,All
3750,Yes,All,All
3751,Yes,All,All
3752,Yes,All,All
3753,Yes,All,All
3754,Yes,All,All
3755,Yes,All,All
3756,Yes,All,All
3757,Yes,All,All
3758,Yes,All,All
3759,Yes,All,All
3760,Yes,All,All
3761,Yes,All,All
3762,Yes,All,All
3763,Yes,All,All
3764,Yes,All,All
3765,Yes,All,All
3766,Yes,All,All
3767,Yes,All,All
3768,Yes,All,All
3769,Yes,All,All
3770,Yes,All,All
3771,Yes,All,All
3772,Yes,All,All
3773,Yes,All,All
3774,Yes,All,All
3775,Yes,All,All
3776,Yes,All,All
3777,Yes,All,All
3778,Yes,All,All
3779,Yes,All,All
3780,Yes,All,All
3781,Yes,All,All
3782,Yes,All,All
3783,Yes,All,All
3784,Yes,All,All
3785,Yes,All,All
3786,Yes,All,All
3787,Yes,All,All
3788,Yes,All,All
3789,Yes,All,All
3790,Yes,All,All
3791,Yes,All,All
3792,Yes,All,All
3793,Yes,All,All
3794,Yes,All,All
3795,Yes,All,All
3796,Yes,All,All
3797,Yes,All,All
3798,Yes,All,All
3799,Yes,All,All
3800,Yes,All,All
3801,Yes,All,All
3802,Yes,All,All
3803,Yes,All,All
3804,Yes,All,All
3805,Yes,All,All
3806,Yes,All,All
3807,Yes,All,All
3808,Yes,All,All
3809,Yes,All,All
3810,Yes,All,All
3811,Yes,All,All
3812,Yes,All,All
3813,Yes,All,All
3814,Yes,All,All
3815,Yes,All,All
3816,Yes,All,All
3817,Yes,All,All
3818,Yes,All,All
3819,Yes,All,All
3820,Yes,All,All
3821,Yes,All,All
3822,Yes,All,All
3823,Yes,All,All
3824,Yes,All,All
3825,Yes,All,All
3826,Yes,All,All
3827,Yes,All,All
3828,Yes,All,All
3829,Yes,All,All
3830,Yes,All,All
3831,Yes,All,All
3832,Yes,All,All
3833,Yes,All,All
3834,Yes,All,All
3835,Yes,All,All
3836,Yes,All,All
3837,Yes,All,All
3838,Yes,All,All
3839,Yes,All,All
3840,Yes,All,All
3841,Yes,All,All
3842,Yes,All,All
3843,Yes,All,All
3844,Yes,All,All
3845,Yes,All,All
3846,Yes,All,All
3847,Yes,All,All
3848,Yes,All,All
3849,Yes,All,All
3850,Yes,All,All
3851,Yes,All,All
3852,Yes,All,All
3853,Yes,All,All
3854,Yes,All,All
3855,Yes,All,All
3856,Yes,All,All
3857,Yes,All,All
3858,Yes,All,All
3859,Yes,All,All
3860,Yes,All,All
3861,Yes,All,All
3862,Yes,All,All
3863,Yes,All,All
3864,Yes,All,All
3865,Yes,All,All
3866,Yes,All,All
3867,Yes,All,All
3868,Yes,All,All
3869,Yes,All,All
3870,Yes,All,All
3871,Yes,All,All
3872,Yes,All,All
3873,Yes,All,All
3874,Yes,All,All
3875,Yes,All,All
3876,Yes,All,All
3877,Yes,All,All
3878,Yes,All,All
3879,Yes,All,All
3880,Yes,All,All
3881,Yes,All,All
3882,Yes,All,All
3883,Yes,All,All
3884,Yes,All,All
3885,Yes,All,All
3886,Yes,All,All
3887,Yes,All,All
3888,Yes,All,All
3889,Yes,All,All
3890,Yes,All,All
3891,Yes,All,All
3892,Yes,All,All
3893,Yes,All,All
3894,Yes,All,All
3895,Yes,All,All
3896,Yes,All,All
3897,Yes,All,All
3898,Yes,All,All
3899,Yes,All,All
3900,Yes,All,All
3901,Yes,All,All
3902,Yes,All,All
3903,Yes,All,All
3904,Yes,All,All
3905,Yes,All,All
3906,Yes,All,All
3907,Yes,All,All
3908,Yes,All,All
3909,Yes,All,All
3910,Yes,All,All
3911,Yes,All,All
3912,Yes,All,All
3913,Yes,All,All
3914,Yes,All,All
3915,Yes,All,All
3916,Yes,All,All
3917,Yes,All,All
3918,Yes,All,All
3919,Yes,All,All
3920,Yes,All,All
3921,Yes,All,All
3922,Yes,All,All
3923,Yes,All,All
3924,Yes,All,All
3925,Yes,All,All
3926,Yes,All,All
3927,Yes,All,All
3928,Yes,All,All
3929,Yes,All,All
3930,Yes,All,All
3931,Yes,All,All
3932,Yes,All,All
3933,Yes,All,All
3934,Yes,All,All
3935,Yes,All,All
3936,Yes,All,All
3937,Yes,All,All
3938,Yes,All,All
3939,Yes,All,All
3940,Yes,All,All
3941,Yes,All,All
3942,Yes,All,All
3943,Yes,All,All
3944,Yes,All,All
3945,Yes,All,All
3946,Yes,All,All
3947,Yes,All,All
3948,Yes,All,All
3949,Yes,All,All
3950,Yes,All,All
3951,Yes,All,All
3952,Yes,All,All
3953,Yes,All,All
3954,Yes,All,All
3955,Yes,All,All
3956,Yes,All,All
3957,Yes,All,All
3958,Yes,All,All
3959,Yes,All,All
3960,Yes,All,All
3961,Yes,All,All
3962,Yes,All,All
3963,Yes,All,All
3964,Yes,All,All
3965,Yes,All,All
3966,Yes,All,All
3967,Yes,All,All
3968,Yes,All,All
3969,Yes,All,All
3970,Yes,All,All
3971,Yes,All,All
3972,Yes,All,All
3973,Yes,All,All
3974,Yes,All,All
3975,Yes,All,All
3976,Yes,All,All
3977,Yes,All,All
3978,Yes,All,All
3979,Yes,All,All
3980,Yes,All,All
3981,Yes,All,All
3982,Yes,All,All
3983,Yes,All,All
3984,Yes,All,All
3985,Yes,All,All
3986,Yes,All,All
3987,Yes,All,All
3988,Yes,All,All
3989,Yes,All,All
3990,Yes,All,All
3991,Yes,All,All
3992,Yes,All,All
3993,Yes,All,All
3994,Yes,All,All
3995,Yes,All,All
3996,Yes,All,All
3997,Yes,All,All
3998,Yes,All,All
3999,Yes,All,All
4000,Yes,All,All